{"RF": {"confusion_matrix": [[85263, 32], [32, 116]], "recall": 0.7837837837837838, "precision": 0.7837837837837838, "f1_score": 0.7837837837837838, "roc_auc": 0.9715579713015086}, "ANN": {"confusion_matrix": [[85226, 69], [28, 120]], "recall": 0.8108108108108109, "precision": 0.6349206349206349, "f1_score": 0.712166172106825, "roc_auc": 0.9576297999153969}, "LSTM": {"confusion_matrix": [[85233, 62], [27, 121]], "recall": 0.8175675675675675, "precision": 0.6612021857923497, "f1_score": 0.7311178247734139, "roc_auc": 0.9663178507659427}}